{
  "matched": 192,
  "first_match": {
    "frame_id": 0,
    "timestamp": 0.0
  },
  "last_match": {
    "frame_id": 313,
    "timestamp": 31.3
  },
  "se3_rmse_m": 118.11535287890132,
  "se3_mean_m": 105.17275390131495,
  "se3_median_m": 107.33542421906165,
  "se3_max_m": 209.56457482647377,
  "se3_scale": 1.0,
  "sim3_rmse_m": 1.091489116156981,
  "sim3_mean_m": 0.8885440992906882,
  "sim3_median_m": 0.8403778909940595,
  "sim3_max_m": 2.8938341890130572,
  "sim3_scale": 42.04114998222251
}