{
  "results": [
    {
      "ground_truth": "/home/lj/dynamic_SLAM/results/20260505_yoloe_sam3_maskonly_wxyz/smoke30_sequence/groundtruth.txt",
      "estimate": "CameraTrajectory.txt",
      "ground_truth_poses": 2884,
      "estimated_poses": 30,
      "matched_poses": 28,
      "trajectory_coverage": 0.009708737864077669,
      "alignment": "se3",
      "alignment_method": "rigid_umeyama_se3",
      "alignment_scale": 1.0,
      "alignment_rotation": [
        [
          -0.730461009132591,
          0.5745007394482399,
          0.3692906910692745
        ],
        [
          0.08153699865368336,
          -0.4634978332945354,
          0.8823386404220427
        ],
        [
          0.6780696365326688,
          0.6746248282598964,
          0.2917240290201649
        ]
      ],
      "alignment_translation": [
        -0.6706832407064024,
        -3.1236384214777457,
        1.4044097069843693
      ],
      "ate_rmse_m": 0.020740573406322693,
      "ate_mean_m": 0.019032409913896497,
      "ate_median_m": 0.019411995337138152,
      "ate_std_m": 0.008242497078705844,
      "ate_min_m": 0.0021160655265053557,
      "ate_max_m": 0.032603482594845155,
      "rpet_rmse_m": 0.00962931034478809,
      "rpet_mean_m": 0.00895660024529164,
      "rpet_median_m": 0.009109930327023062,
      "rpet_std_m": 0.003535948212613514,
      "rpet_min_m": 0.0027271013612254536,
      "rpet_max_m": 0.01832429355977912,
      "rpe_delta": 1,
      "rper_rmse_deg": 0.4623996285659697,
      "rper_mean_deg": 0.41766746865729437,
      "rper_median_deg": 0.3908331738908601,
      "rper_max_deg": 0.8147595968599454
    },
    {
      "ground_truth": "/home/lj/dynamic_SLAM/results/20260505_yoloe_sam3_maskonly_wxyz/smoke30_sequence/groundtruth.txt",
      "estimate": "CameraTrajectory.txt",
      "ground_truth_poses": 2884,
      "estimated_poses": 30,
      "matched_poses": 28,
      "trajectory_coverage": 0.009708737864077669,
      "alignment": "sim3",
      "alignment_method": "similarity_umeyama_sim3",
      "alignment_scale": 0.7632227254287833,
      "alignment_rotation": [
        [
          -0.730461009132591,
          0.5745007394482399,
          0.3692906910692745
        ],
        [
          0.08153699865368336,
          -0.4634978332945354,
          0.8823386404220427
        ],
        [
          0.6780696365326688,
          0.6746248282598964,
          0.2917240290201649
        ]
      ],
      "alignment_translation": [
        -0.6553736386933707,
        -3.1195119364667914,
        1.4072411251878094
      ],
      "ate_rmse_m": 0.012701720959284998,
      "ate_mean_m": 0.011264447640113983,
      "ate_median_m": 0.009538007489288128,
      "ate_std_m": 0.005869065912960112,
      "ate_min_m": 0.0037142525371511516,
      "ate_max_m": 0.028765106142884238,
      "rpet_rmse_m": 0.007468231884378083,
      "rpet_mean_m": 0.00689228103323198,
      "rpet_median_m": 0.007020387276240266,
      "rpet_std_m": 0.0028759258748778807,
      "rpet_min_m": 0.000948765813782454,
      "rpet_max_m": 0.015240423684721989,
      "rpe_delta": 1,
      "rper_rmse_deg": 0.4623996285659697,
      "rper_mean_deg": 0.41766746865729437,
      "rper_median_deg": 0.3908331738908601,
      "rper_max_deg": 0.8147595968599454
    },
    {
      "ground_truth": "/home/lj/dynamic_SLAM/results/20260505_yoloe_sam3_maskonly_wxyz/smoke30_sequence/groundtruth.txt",
      "estimate": "CameraTrajectory.txt",
      "ground_truth_poses": 2884,
      "estimated_poses": 30,
      "matched_poses": 28,
      "trajectory_coverage": 0.009708737864077669,
      "alignment": "origin",
      "alignment_method": "origin_translation",
      "alignment_scale": 1.0,
      "alignment_rotation": [
        [
          1.0,
          0.0,
          0.0
        ],
        [
          0.0,
          1.0,
          0.0
        ],
        [
          0.0,
          0.0,
          1.0
        ]
      ],
      "alignment_translation": [
        -0.700377528,
        -3.117823022,
        1.423990919
      ],
      "ate_rmse_m": 0.1843784636466956,
      "ate_mean_m": 0.14581102741302837,
      "ate_median_m": 0.14619707921651315,
      "ate_std_m": 0.11284751721448259,
      "ate_min_m": 0.0,
      "ate_max_m": 0.3070520906136029,
      "rpet_rmse_m": 0.015886029396103764,
      "rpet_mean_m": 0.014557090385871677,
      "rpet_median_m": 0.016092668907591964,
      "rpet_std_m": 0.006360585623308231,
      "rpet_min_m": 0.00402050171399463,
      "rpet_max_m": 0.025594593381357673,
      "rpe_delta": 1,
      "rper_rmse_deg": 0.4623996285659697,
      "rper_mean_deg": 0.41766746865729437,
      "rper_median_deg": 0.3908331738908601,
      "rper_max_deg": 0.8147595968599454
    }
  ]
}
