{
  "matched": 179,
  "first_match": {
    "frame_id": 0,
    "timestamp": 0.0
  },
  "last_match": {
    "frame_id": 313,
    "timestamp": 31.3
  },
  "se3_rmse_m": 120.84121616176355,
  "se3_mean_m": 107.07107568110924,
  "se3_median_m": 113.11872259044827,
  "se3_max_m": 212.36787764566466,
  "se3_scale": 1.0,
  "sim3_rmse_m": 1.1078125547454245,
  "sim3_mean_m": 0.9441407785376245,
  "sim3_median_m": 0.9674929817324845,
  "sim3_max_m": 2.6524644305025378,
  "sim3_scale": 41.93302432186509
}