{
  "results": [
    {
      "ground_truth": "/home/lj/dynamic_SLAM/results/20260505_yoloe_sam3_maskonly_wxyz/smoke30_sequence/groundtruth.txt",
      "estimate": "CameraTrajectory.txt",
      "ground_truth_poses": 2884,
      "estimated_poses": 30,
      "matched_poses": 28,
      "trajectory_coverage": 0.009708737864077669,
      "alignment": "se3",
      "alignment_method": "rigid_umeyama_se3",
      "alignment_scale": 1.0,
      "alignment_rotation": [
        [
          -0.8128142276600587,
          0.5187645841056489,
          0.2649836553281651
        ],
        [
          -0.05245449157810922,
          -0.5182221977117542,
          0.8536359177729587
        ],
        [
          0.5801564940829884,
          0.6799478362907647,
          0.4484299078973689
        ]
      ],
      "alignment_translation": [
        -0.6815501640817971,
        -3.1268727287494165,
        1.416910928745696
      ],
      "ate_rmse_m": 0.03504685036229899,
      "ate_mean_m": 0.032760033468965714,
      "ate_median_m": 0.03259004485590978,
      "ate_std_m": 0.012452386415046042,
      "ate_min_m": 0.007764825843860468,
      "ate_max_m": 0.053484173978583995,
      "rpet_rmse_m": 0.011413233072693473,
      "rpet_mean_m": 0.010536677580830612,
      "rpet_median_m": 0.010382297781076405,
      "rpet_std_m": 0.0043863783157914735,
      "rpet_min_m": 0.0026852101254767366,
      "rpet_max_m": 0.020878388723531375,
      "rpe_delta": 1,
      "rper_rmse_deg": 0.5160006840229571,
      "rper_mean_deg": 0.4528065555403504,
      "rper_median_deg": 0.41805883129744137,
      "rper_max_deg": 1.1228175916218859
    },
    {
      "ground_truth": "/home/lj/dynamic_SLAM/results/20260505_yoloe_sam3_maskonly_wxyz/smoke30_sequence/groundtruth.txt",
      "estimate": "CameraTrajectory.txt",
      "ground_truth_poses": 2884,
      "estimated_poses": 30,
      "matched_poses": 28,
      "trajectory_coverage": 0.009708737864077669,
      "alignment": "sim3",
      "alignment_method": "similarity_umeyama_sim3",
      "alignment_scale": 0.6174882193272054,
      "alignment_rotation": [
        [
          -0.8128142276600587,
          0.5187645841056489,
          0.2649836553281651
        ],
        [
          -0.05245449157810922,
          -0.5182221977117542,
          0.8536359177729587
        ],
        [
          0.5801564940829884,
          0.6799478362907647,
          0.4484299078973689
        ]
      ],
      "alignment_translation": [
        -0.6526608990832639,
        -3.118969264804619,
        1.4167031974598612
      ],
      "ate_rmse_m": 0.012382872471141306,
      "ate_mean_m": 0.01101547728809858,
      "ate_median_m": 0.011361937735979872,
      "ate_std_m": 0.005656393793923261,
      "ate_min_m": 0.003244696927413012,
      "ate_max_m": 0.028999605190997757,
      "rpet_rmse_m": 0.006983246639731958,
      "rpet_mean_m": 0.006411099983111922,
      "rpet_median_m": 0.0063517070709706285,
      "rpet_std_m": 0.002768308262796975,
      "rpet_min_m": 0.0019287261312785793,
      "rpet_max_m": 0.014917308286128573,
      "rpe_delta": 1,
      "rper_rmse_deg": 0.5160006840229571,
      "rper_mean_deg": 0.4528065555403504,
      "rper_median_deg": 0.41805883129744137,
      "rper_max_deg": 1.1228175916218859
    },
    {
      "ground_truth": "/home/lj/dynamic_SLAM/results/20260505_yoloe_sam3_maskonly_wxyz/smoke30_sequence/groundtruth.txt",
      "estimate": "CameraTrajectory.txt",
      "ground_truth_poses": 2884,
      "estimated_poses": 30,
      "matched_poses": 28,
      "trajectory_coverage": 0.009708737864077669,
      "alignment": "origin",
      "alignment_method": "origin_translation",
      "alignment_scale": 1.0,
      "alignment_rotation": [
        [
          1.0,
          0.0,
          0.0
        ],
        [
          0.0,
          1.0,
          0.0
        ],
        [
          0.0,
          0.0,
          1.0
        ]
      ],
      "alignment_translation": [
        -0.700144747,
        -3.111337069,
        1.421564416
      ],
      "ate_rmse_m": 0.21202284414687841,
      "ate_mean_m": 0.16654083742027168,
      "ate_median_m": 0.1657805007228023,
      "ate_std_m": 0.13121675164202984,
      "ate_min_m": 0.0,
      "ate_max_m": 0.35883698093515437,
      "rpet_rmse_m": 0.018630091824726563,
      "rpet_mean_m": 0.016768651023395437,
      "rpet_median_m": 0.015437388320982945,
      "rpet_std_m": 0.008117429658045867,
      "rpet_min_m": 0.0037330045372196393,
      "rpet_max_m": 0.03113960552604038,
      "rpe_delta": 1,
      "rper_rmse_deg": 0.5160006840229571,
      "rper_mean_deg": 0.4528065555403504,
      "rper_median_deg": 0.41805883129744137,
      "rper_max_deg": 1.1228175916218859
    }
  ]
}
