{"matched_poses": 857, "ground_truth_poses": 2884, "estimated_poses": 859, "trajectory_coverage": 0.29715672676837723, "ate_rmse_m": 0.3918703348021448, "ate_mean_m": 0.3204672219528424, "rpe_rmse_m": 0.021374242608150146}
