{"matched_poses": 857, "ground_truth_poses": 2884, "estimated_poses": 859, "trajectory_coverage": 0.29715672676837723, "ate_rmse_m": 0.39280937729080806, "ate_mean_m": 0.3208756041212106, "rpe_rmse_m": 0.02207900283141812}
