{"matched_poses": 857, "ground_truth_poses": 2884, "estimated_poses": 859, "trajectory_coverage": 0.29715672676837723, "ate_rmse_m": 0.4005027470779961, "ate_mean_m": 0.33038866892156926, "rpe_rmse_m": 0.02083045455261616}
