{"matched_poses": 857, "ground_truth_poses": 2884, "estimated_poses": 859, "trajectory_coverage": 0.29715672676837723, "ate_rmse_m": 0.39169403381854034, "ate_mean_m": 0.3193122916604188, "rpe_rmse_m": 0.01789938646149411}
