segment,start,end,frames,risk_frames,risk_rate,support_low_frames,motion_pressure_frames,keyframe_pressure_frames,boundary_pressure_frames,created_keyframes,path_delta_m,mean_frame_step_m,max_frame_step_m,mean_step_ratio_proxy,max_step_ratio_proxy,mean_static_inlier_count,min_static_inlier_count,mean_static_inlier_grid_coverage,min_static_inlier_grid_coverage,mean_boundary_inlier_frac,max_boundary_inlier_frac,first_risk_frame,last_risk_frame
000-149,0,149,150,37,0.24666666666666667,94,28,125,44,48,2.812163,0.018747713333333332,0.082479,1.36175584,7.666573,273.08,116.0,0.04701387333333333,0.019531,0.1899442,0.471014,3,127
150-299,150,299,150,0,0.0,66,21,150,0,95,5.24109,0.03507284,0.42304,1.2376671133333332,11.317682,293.94666666666666,111.0,0.05421442,0.026367,0.05671292,0.201365,-1,-1
300-549,300,549,250,0,0.0,9,31,155,0,58,4.892519999999999,0.019784588,0.112808,1.139426772,4.413998,419.184,235.0,0.07302344,0.046224,0.015880668,0.209375,-1,-1
550-599,550,599,50,0,0.0,33,13,50,0,22,0.9114690000000003,0.01872204,0.104531,1.9778708600000001,11.624091,356.78,113.0,0.046263,0.014648,0.08022078,0.194737,-1,-1
600-799,600,799,200,2,0.01,5,25,155,6,83,3.7938740000000006,0.01898407,0.086559,1.143657465,3.469209,357.92,244.0,0.066333,0.043294,0.08940796,0.323171,677,678
800-908,800,908,109,4,0.03669724770642202,12,14,101,7,49,2.161211999999999,0.019873981651376146,0.068542,1.1528555596330274,4.356671,372.0275229357798,185.0,0.07032145871559634,0.035482,0.07530574311926605,0.39693,808,820
