case,run_dir,ate_se3,ate_sim3,scale,rpet,rper,matched
wrpy_plain_r1,runs/lifecycle_shadow_20260515_133013/wrpy_v7_plain_r1,0.43507210457363715,0.15229901654103858,0.19784710419579798,0.025212892174993874,0.599766365623065,906
wrpy_plain_r2,runs/lifecycle_shadow_20260515_133013/wrpy_v7_plain_r2,0.43507210457363715,0.15229901654103858,0.19784710419579798,0.025212892174993874,0.599766365623065,906
wrpy_shadow_r1,runs/lifecycle_shadow_20260515_133013/wrpy_v7_shadow_r1,0.28309650362655336,0.12730234682652952,0.34082593164223945,0.031239938109493607,0.6957082301975096,906
wrpy_shadow_r2,runs/lifecycle_shadow_20260515_133013/wrpy_v7_shadow_r2,0.28309650362655336,0.12730234682652952,0.34082593164223945,0.031239938109493607,0.6957082301975096,906
wxyz_plain_r1,runs/lifecycle_shadow_20260515_133013/wxyz_ablationA_v7_plain_r1,0.018251336260193006,0.016619824211552864,0.9754931981144989,0.012461676201235002,0.3743441159602218,857
wxyz_plain_r2,runs/lifecycle_shadow_20260515_133013/wxyz_ablationA_v7_plain_r2,0.018251336260193006,0.016619824211552864,0.9754931981144989,0.012461676201235002,0.3743441159602218,857
wxyz_shadow_r1,runs/lifecycle_shadow_20260515_133013/wxyz_ablationA_v7_shadow_r1,0.01786767014396815,0.01603846331321415,0.9744426887416919,0.011916177061946337,0.37950509313919883,857
wxyz_shadow_r2,runs/lifecycle_shadow_20260515_133013/wxyz_ablationA_v7_shadow_r2,0.01786767014396815,0.01603846331321415,0.9744426887416919,0.011916177061946337,0.37950509313919883,857
INVALID_backend_maskonly_plain_r1,runs/lifecycle_shadow_20260515_133013/wxyz_v7_plain_r1,0.323818133330247,0.2518322257305663,0.44665518996807274,0.01451548124312566,0.43109520802040757,857
