{
  "sequence_root": "/home/lj/dynamic-slam-public/data/external_validation_20260513/walking_rpy_raw_rgb_raw_depth_mask/sequence",
  "associations": "/home/lj/dynamic-slam-public/data/external_validation_20260513/walking_rpy_raw_rgb_raw_depth_mask/sequence/associations.txt",
  "association_rows": 909,
  "valid_association_rows": 909,
  "parse_error_rows": 0,
  "parse_error_examples": [],
  "rgb": {
    "unique_paths": 909,
    "missing_count": 0,
    "missing_examples": []
  },
  "depth": {
    "unique_paths": 866,
    "duplicate_reuse_count": 43,
    "missing_count": 0,
    "missing_examples": [],
    "valid_ratio": {
      "count": 866,
      "min": 0.35388346354166667,
      "max": 0.8820182291666666,
      "mean": 0.6649724810852098,
      "median": 0.67521484375
    },
    "valid_ratio_unreadable_count": 0
  },
  "mask": {
    "mask_root": "/home/lj/dynamic-slam-public/data/external_validation_20260513/walking_rpy_raw_rgb_raw_depth_mask/sequence/mask",
    "expected_count": 909,
    "missing_count": 0,
    "missing_examples": []
  },
  "timestamp": {
    "rgb_depth_abs_diff": {
      "count": 909,
      "min": 5.9604644775390625e-06,
      "max": 0.03596806526184082,
      "mean": 0.0015582044263615204,
      "median": 2.09808349609375e-05
    },
    "rgb_depth_over_threshold_count": 23,
    "rgb_depth_over_threshold_examples": [
      0.03587603569030762,
      0.03119802474975586,
      0.030220985412597656,
      0.03245711326599121,
      0.03226304054260254,
      0.031944990158081055,
      0.03000497817993164,
      0.03056192398071289,
      0.03225994110107422,
      0.031967878341674805
    ],
    "groundtruth_abs_diff": {
      "count": 909,
      "min": 9.059906005859375e-06,
      "max": 0.0989069938659668,
      "mean": 0.0028201167208395644,
      "median": 0.002877950668334961
    },
    "groundtruth_over_threshold_count": 3,
    "groundtruth_over_threshold_examples": [
      0.0989069938659668,
      0.06305289268493652,
      0.031206846237182617
    ]
  },
  "issues": [
    "rgb_depth_time_diff>0.03=23",
    "gt_time_diff>0.03=3"
  ]
}
