case,refine_log_lines,accepted,rejected,reject_insufficient_static_matches,reject_unsafe_or_low_inlier,accepted_delta_translation_m_mean,accepted_delta_translation_m_median,accepted_delta_translation_m_p90,accepted_delta_translation_m_max,accepted_delta_rotation_deg_mean,accepted_delta_rotation_deg_median,accepted_delta_rotation_deg_p90,accepted_delta_rotation_deg_max,accepted_static_matches_mean,accepted_static_matches_median,accepted_static_matches_p90,accepted_static_matches_max,accepted_refined_inliers_mean,accepted_refined_inliers_median,accepted_refined_inliers_p90,accepted_refined_inliers_max
smoke30_wxyz_d2ma_b_r5_static_refine,29,29,0,0,0,0.002089206896551724,0.001292,0.007438,0.00882,0.041653172413793106,0.029856,0.121366,0.150327,261.8965517241379,263.0,324.0,391.0,261.37931034482756,263.0,324.0,391.0
wrpy_d2ma_b_r5_static_refine_r1,908,873,35,31,0,0.0030342840778923253,0.001036,0.007161,0.045768,0.05915497479954181,0.023044,0.131288,0.943234,226.67239404352807,204.0,383.0,561.0,225.82474226804123,203.0,383.0,561.0
wrpy_d2ma_b_r5_static_refine_strict_r1,908,447,461,269,0,0.0006230738255033557,0.000501,0.00148,0.001968,0.01383062192393736,0.010851,0.033212,0.049294,282.1923937360179,266.0,407.0,520.0,281.83892617449663,266.0,407.0,520.0
wxyz_d2ma_b_r5_static_refine_strict_r1,858,702,156,43,0,0.00042871367521367523,0.0002765,0.001148,0.001997,0.0069781452991452995,0.0042545,0.018368,0.046122,255.33618233618233,250.0,330.0,424.0,255.24074074074073,250.0,330.0,424.0
