{
  "sequence_root": "/home/lj/dynamic-slam-public/data/external_validation_20260513/walking_static_raw_rgb_raw_depth_mask/sequence",
  "associations": "/home/lj/dynamic-slam-public/data/external_validation_20260513/walking_static_raw_rgb_raw_depth_mask/sequence/associations.txt",
  "association_rows": 743,
  "valid_association_rows": 743,
  "parse_error_rows": 0,
  "parse_error_examples": [],
  "rgb": {
    "unique_paths": 743,
    "missing_count": 0,
    "missing_examples": []
  },
  "depth": {
    "unique_paths": 717,
    "duplicate_reuse_count": 26,
    "missing_count": 0,
    "missing_examples": [],
    "valid_ratio": {
      "count": 717,
      "min": 0.49357421875,
      "max": 0.7273502604166666,
      "mean": 0.6080808072553463,
      "median": 0.5876985677083333
    },
    "valid_ratio_unreadable_count": 0
  },
  "mask": {
    "mask_root": "/home/lj/dynamic-slam-public/data/external_validation_20260513/walking_static_raw_rgb_raw_depth_mask/sequence/mask",
    "expected_count": 743,
    "missing_count": 0,
    "missing_examples": []
  },
  "timestamp": {
    "rgb_depth_abs_diff": {
      "count": 743,
      "min": 0.0,
      "max": 0.03233003616333008,
      "mean": 0.0011563824131222463,
      "median": 2.2172927856445312e-05
    },
    "rgb_depth_over_threshold_count": 17,
    "rgb_depth_over_threshold_examples": [
      0.03171396255493164,
      0.0319819450378418,
      0.030286073684692383,
      0.03233003616333008,
      0.032054901123046875,
      0.032028913497924805,
      0.03174591064453125,
      0.03182816505432129,
      0.03026103973388672,
      0.03196001052856445
    ],
    "groundtruth_abs_diff": {
      "count": 743,
      "min": 1.1920928955078125e-05,
      "max": 0.10107994079589844,
      "mean": 0.0028905740175722105,
      "median": 0.0025331974029541016
    },
    "groundtruth_over_threshold_count": 3,
    "groundtruth_over_threshold_examples": [
      0.10107994079589844,
      0.06867694854736328,
      0.03710579872131348
    ]
  },
  "issues": [
    "rgb_depth_time_diff>0.03=17",
    "gt_time_diff>0.03=3"
  ]
}
