{
  "results": [
    {
      "ground_truth": "/home/lj/dynamic_SLAM/results/20260505_yoloe_sam3_maskonly_wxyz/smoke30_sequence/groundtruth.txt",
      "estimate": "CameraTrajectory.txt",
      "ground_truth_poses": 2884,
      "estimated_poses": 30,
      "matched_poses": 28,
      "trajectory_coverage": 0.009708737864077669,
      "alignment": "se3",
      "alignment_method": "rigid_umeyama_se3",
      "alignment_scale": 1.0,
      "alignment_rotation": [
        [
          -0.7886164750788148,
          0.5446742402678345,
          0.28533143399023164
        ],
        [
          -0.06476308474174486,
          -0.5350359010945672,
          0.8423433548112419
        ],
        [
          0.611465287722041,
          0.6458069034383124,
          0.45721291034092637
        ]
      ],
      "alignment_translation": [
        -0.6794263433195328,
        -3.126156932282171,
        1.416239455054906
      ],
      "ate_rmse_m": 0.033042385455049096,
      "ate_mean_m": 0.030955091209033354,
      "ate_median_m": 0.03196692044592614,
      "ate_std_m": 0.011557749123443794,
      "ate_min_m": 0.006166863724134752,
      "ate_max_m": 0.05278717222345994,
      "rpet_rmse_m": 0.011828851647901407,
      "rpet_mean_m": 0.01084468426858209,
      "rpet_median_m": 0.01024906102110195,
      "rpet_std_m": 0.004723828365089904,
      "rpet_min_m": 0.0034701463746522857,
      "rpet_max_m": 0.022174306504085913,
      "rpe_delta": 1,
      "rper_rmse_deg": 0.5092747579157045,
      "rper_mean_deg": 0.44858767423670615,
      "rper_median_deg": 0.41805883129744137,
      "rper_max_deg": 1.0133779993813843
    },
    {
      "ground_truth": "/home/lj/dynamic_SLAM/results/20260505_yoloe_sam3_maskonly_wxyz/smoke30_sequence/groundtruth.txt",
      "estimate": "CameraTrajectory.txt",
      "ground_truth_poses": 2884,
      "estimated_poses": 30,
      "matched_poses": 28,
      "trajectory_coverage": 0.009708737864077669,
      "alignment": "sim3",
      "alignment_method": "similarity_umeyama_sim3",
      "alignment_scale": 0.6341752401039905,
      "alignment_rotation": [
        [
          -0.7886164750788148,
          0.5446742402678345,
          0.28533143399023164
        ],
        [
          -0.06476308474174486,
          -0.5350359010945672,
          0.8423433548112419
        ],
        [
          0.611465287722041,
          0.6458069034383124,
          0.45721291034092637
        ]
      ],
      "alignment_translation": [
        -0.6525743145236201,
        -3.118860111872784,
        1.4162864277179008
      ],
      "ate_rmse_m": 0.012759698563961964,
      "ate_mean_m": 0.011430770181113574,
      "ate_median_m": 0.011753192649151683,
      "ate_std_m": 0.005669867768276232,
      "ate_min_m": 0.003420282306899626,
      "ate_max_m": 0.028982214076509614,
      "rpet_rmse_m": 0.007495425134676101,
      "rpet_mean_m": 0.00682861850793271,
      "rpet_median_m": 0.006315403991048278,
      "rpet_std_m": 0.003090528631586043,
      "rpet_min_m": 0.00177554556440902,
      "rpet_max_m": 0.01593030342541602,
      "rpe_delta": 1,
      "rper_rmse_deg": 0.5092747579157045,
      "rper_mean_deg": 0.44858767423670615,
      "rper_median_deg": 0.41805883129744137,
      "rper_max_deg": 1.0133779993813843
    },
    {
      "ground_truth": "/home/lj/dynamic_SLAM/results/20260505_yoloe_sam3_maskonly_wxyz/smoke30_sequence/groundtruth.txt",
      "estimate": "CameraTrajectory.txt",
      "ground_truth_poses": 2884,
      "estimated_poses": 30,
      "matched_poses": 28,
      "trajectory_coverage": 0.009708737864077669,
      "alignment": "origin",
      "alignment_method": "origin_translation",
      "alignment_scale": 1.0,
      "alignment_rotation": [
        [
          1.0,
          0.0,
          0.0
        ],
        [
          0.0,
          1.0,
          0.0
        ],
        [
          0.0,
          0.0,
          1.0
        ]
      ],
      "alignment_translation": [
        -0.700144747,
        -3.111337069,
        1.421564416
      ],
      "ate_rmse_m": 0.20759905685063043,
      "ate_mean_m": 0.16336404351470185,
      "ate_median_m": 0.16507398943410329,
      "ate_std_m": 0.12809979583043013,
      "ate_min_m": 0.0,
      "ate_max_m": 0.3508600670880996,
      "rpet_rmse_m": 0.0185783404709471,
      "rpet_mean_m": 0.01679936155819417,
      "rpet_median_m": 0.014828211131774351,
      "rpet_std_m": 0.007933233003731758,
      "rpet_min_m": 0.0037330045372196393,
      "rpet_max_m": 0.031114131854470133,
      "rpe_delta": 1,
      "rper_rmse_deg": 0.5092747579157045,
      "rper_mean_deg": 0.44858767423670615,
      "rper_median_deg": 0.41805883129744137,
      "rper_max_deg": 1.0133779993813843
    }
  ]
}
