{
  "results": [
    {
      "ground_truth": "/home/lj/dynamic_SLAM/results/20260505_yoloe_sam3_maskonly_wxyz/smoke30_sequence/groundtruth.txt",
      "estimate": "CameraTrajectory.txt",
      "ground_truth_poses": 2884,
      "estimated_poses": 30,
      "matched_poses": 28,
      "trajectory_coverage": 0.009708737864077669,
      "alignment": "se3",
      "alignment_method": "rigid_umeyama_se3",
      "alignment_scale": 1.0,
      "alignment_rotation": [
        [
          -0.8104818662459736,
          0.5357295575218662,
          0.23688179686051966
        ],
        [
          0.1739390906116875,
          -0.16604706211256137,
          0.9706562552834894
        ],
        [
          0.5593427725854894,
          0.827902297593872,
          0.04139382073649478
        ]
      ],
      "alignment_translation": [
        -0.6722004488913448,
        -3.1286255668050287,
        1.4084405787119962
      ],
      "ate_rmse_m": 0.025325502992542572,
      "ate_mean_m": 0.023448183720534217,
      "ate_median_m": 0.02301645936532476,
      "ate_std_m": 0.009568896594349674,
      "ate_min_m": 0.006614180868852876,
      "ate_max_m": 0.037559445335658304,
      "rpet_rmse_m": 0.00994611815452142,
      "rpet_mean_m": 0.009371405793350617,
      "rpet_median_m": 0.008574269399381114,
      "rpet_std_m": 0.003331969357610456,
      "rpet_min_m": 0.002969547950112927,
      "rpet_max_m": 0.01667691125699684,
      "rpe_delta": 1,
      "rper_rmse_deg": 0.4757840682289046,
      "rper_mean_deg": 0.43183948378515674,
      "rper_median_deg": 0.41564425641684655,
      "rper_max_deg": 0.788358301965648
    },
    {
      "ground_truth": "/home/lj/dynamic_SLAM/results/20260505_yoloe_sam3_maskonly_wxyz/smoke30_sequence/groundtruth.txt",
      "estimate": "CameraTrajectory.txt",
      "ground_truth_poses": 2884,
      "estimated_poses": 30,
      "matched_poses": 28,
      "trajectory_coverage": 0.009708737864077669,
      "alignment": "sim3",
      "alignment_method": "similarity_umeyama_sim3",
      "alignment_scale": 0.7043453527773818,
      "alignment_rotation": [
        [
          -0.8104818662459736,
          0.5357295575218662,
          0.23688179686051966
        ],
        [
          0.1739390906116875,
          -0.16604706211256137,
          0.9706562552834894
        ],
        [
          0.5593427725854894,
          0.827902297593872,
          0.04139382073649478
        ]
      ],
      "alignment_translation": [
        -0.6526353698945758,
        -3.121998511490884,
        1.410784315419908
      ],
      "ate_rmse_m": 0.01210885112794159,
      "ate_mean_m": 0.010327623143750521,
      "ate_median_m": 0.00828387169342004,
      "ate_std_m": 0.006321746265022106,
      "ate_min_m": 0.00348513632241713,
      "ate_max_m": 0.03043668324749766,
      "rpet_rmse_m": 0.007044187464523352,
      "rpet_mean_m": 0.006540805149977393,
      "rpet_median_m": 0.006664061083566871,
      "rpet_std_m": 0.0026150420695233855,
      "rpet_min_m": 0.0005176977461901721,
      "rpet_max_m": 0.01179981679951253,
      "rpe_delta": 1,
      "rper_rmse_deg": 0.4757840682289046,
      "rper_mean_deg": 0.43183948378515674,
      "rper_median_deg": 0.41564425641684655,
      "rper_max_deg": 0.788358301965648
    },
    {
      "ground_truth": "/home/lj/dynamic_SLAM/results/20260505_yoloe_sam3_maskonly_wxyz/smoke30_sequence/groundtruth.txt",
      "estimate": "CameraTrajectory.txt",
      "ground_truth_poses": 2884,
      "estimated_poses": 30,
      "matched_poses": 28,
      "trajectory_coverage": 0.009708737864077669,
      "alignment": "origin",
      "alignment_method": "origin_translation",
      "alignment_scale": 1.0,
      "alignment_rotation": [
        [
          1.0,
          0.0,
          0.0
        ],
        [
          0.0,
          1.0,
          0.0
        ],
        [
          0.0,
          0.0,
          1.0
        ]
      ],
      "alignment_translation": [
        -0.700377528,
        -3.117823022,
        1.423990919
      ],
      "ate_rmse_m": 0.19329474556158227,
      "ate_mean_m": 0.15153685495810737,
      "ate_median_m": 0.14808957415623364,
      "ate_std_m": 0.11999766769034448,
      "ate_min_m": 0.0,
      "ate_max_m": 0.34032734677331,
      "rpet_rmse_m": 0.016889664016085364,
      "rpet_mean_m": 0.015606276810092287,
      "rpet_median_m": 0.01796812654807046,
      "rpet_std_m": 0.006457931147281184,
      "rpet_min_m": 0.00402050171399463,
      "rpet_max_m": 0.02672347653895861,
      "rpe_delta": 1,
      "rper_rmse_deg": 0.4757840682289046,
      "rper_mean_deg": 0.43183948378515674,
      "rper_median_deg": 0.41564425641684655,
      "rper_max_deg": 0.788358301965648
    }
  ]
}
