{
  "results": [
    {
      "ground_truth": "/home/lj/dynamic_SLAM/results/20260505_yoloe_sam3_maskonly_wxyz/smoke30_sequence/groundtruth.txt",
      "estimate": "CameraTrajectory.txt",
      "ground_truth_poses": 2884,
      "estimated_poses": 30,
      "matched_poses": 28,
      "trajectory_coverage": 0.009708737864077669,
      "alignment": "se3",
      "alignment_method": "rigid_umeyama_se3",
      "alignment_scale": 1.0,
      "alignment_rotation": [
        [
          -0.8204293702036595,
          0.5159329435661627,
          0.24639165215238645
        ],
        [
          0.0906145490827156,
          -0.3081640716591858,
          0.9470078713680096
        ],
        [
          0.5645216134053366,
          0.7992797399418978,
          0.20607582419257509
        ]
      ],
      "alignment_translation": [
        -0.6723447729432794,
        -3.1317003281472116,
        1.4132406843226901
      ],
      "ate_rmse_m": 0.030181998029147616,
      "ate_mean_m": 0.028024642586154485,
      "ate_median_m": 0.029305887908093135,
      "ate_std_m": 0.011205909733250884,
      "ate_min_m": 0.009650004370334959,
      "ate_max_m": 0.04553058752695846,
      "rpet_rmse_m": 0.009626263388927315,
      "rpet_mean_m": 0.009250079369003275,
      "rpet_median_m": 0.009876057431300437,
      "rpet_std_m": 0.002664766124848924,
      "rpet_min_m": 0.003782114189749357,
      "rpet_max_m": 0.013508371444559363,
      "rpe_delta": 1,
      "rper_rmse_deg": 0.4824351376884362,
      "rper_mean_deg": 0.4310382758400207,
      "rper_median_deg": 0.3977939857177428,
      "rper_max_deg": 0.8647617866075755
    },
    {
      "ground_truth": "/home/lj/dynamic_SLAM/results/20260505_yoloe_sam3_maskonly_wxyz/smoke30_sequence/groundtruth.txt",
      "estimate": "CameraTrajectory.txt",
      "ground_truth_poses": 2884,
      "estimated_poses": 30,
      "matched_poses": 28,
      "trajectory_coverage": 0.009708737864077669,
      "alignment": "sim3",
      "alignment_method": "similarity_umeyama_sim3",
      "alignment_scale": 0.659540783273293,
      "alignment_rotation": [
        [
          -0.8204293702036595,
          0.5159329435661627,
          0.24639165215238645
        ],
        [
          0.0906145490827156,
          -0.3081640716591858,
          0.9470078713680096
        ],
        [
          0.5645216134053366,
          0.7992797399418978,
          0.20607582419257509
        ]
      ],
      "alignment_translation": [
        -0.6497655949935175,
        -3.1230221541772605,
        1.4143053591316133
      ],
      "ate_rmse_m": 0.012983003773128103,
      "ate_mean_m": 0.011101200869209658,
      "ate_median_m": 0.009175630366524133,
      "ate_std_m": 0.0067321412815327395,
      "ate_min_m": 0.0033678517586235054,
      "ate_max_m": 0.031853424091482126,
      "rpet_rmse_m": 0.006368332411906923,
      "rpet_mean_m": 0.006017810944178197,
      "rpet_median_m": 0.006353010435613648,
      "rpet_std_m": 0.0020836528378483194,
      "rpet_min_m": 0.000579980184427201,
      "rpet_max_m": 0.009097318053571514,
      "rpe_delta": 1,
      "rper_rmse_deg": 0.4824351376884362,
      "rper_mean_deg": 0.4310382758400207,
      "rper_median_deg": 0.3977939857177428,
      "rper_max_deg": 0.8647617866075755
    },
    {
      "ground_truth": "/home/lj/dynamic_SLAM/results/20260505_yoloe_sam3_maskonly_wxyz/smoke30_sequence/groundtruth.txt",
      "estimate": "CameraTrajectory.txt",
      "ground_truth_poses": 2884,
      "estimated_poses": 30,
      "matched_poses": 28,
      "trajectory_coverage": 0.009708737864077669,
      "alignment": "origin",
      "alignment_method": "origin_translation",
      "alignment_scale": 1.0,
      "alignment_rotation": [
        [
          1.0,
          0.0,
          0.0
        ],
        [
          0.0,
          1.0,
          0.0
        ],
        [
          0.0,
          0.0,
          1.0
        ]
      ],
      "alignment_translation": [
        -0.700144747,
        -3.111337069,
        1.421564416
      ],
      "ate_rmse_m": 0.19999435224650866,
      "ate_mean_m": 0.15600492426034257,
      "ate_median_m": 0.1507282813300969,
      "ate_std_m": 0.12514073891832891,
      "ate_min_m": 0.0,
      "ate_max_m": 0.3494546972880005,
      "rpet_rmse_m": 0.01705393598721224,
      "rpet_mean_m": 0.015524587569391268,
      "rpet_median_m": 0.01614026011125448,
      "rpet_std_m": 0.007058605631159377,
      "rpet_min_m": 0.004284087833664969,
      "rpet_max_m": 0.027410724452995278,
      "rpe_delta": 1,
      "rper_rmse_deg": 0.4824351376884362,
      "rper_mean_deg": 0.4310382758400207,
      "rper_median_deg": 0.3977939857177428,
      "rper_max_deg": 0.8647617866075755
    }
  ]
}
